{
  "config": {
    "vocab_size": 10000,
    "context_length": 256,
    "d_model": 1024,
    "num_layers": 24,
    "num_heads": 16,
    "d_ff": 4096,
    "rope_theta": 10000.0,
    "batch_size": 4,
    "mode": "forward_backward",
    "device": "cuda"
  },
  "results": {
    "mean_time": 0.3309514380991459,
    "median_time": 0.3306804783642292,
    "std_time": 0.0014915835723640157,
    "min_time": 0.32941463962197304,
    "max_time": 0.3365851528942585,
    "total_time": 6.619028761982918,
    "num_steps": 20
  },
  "num_params": 423183360,
  "report_data": {
    "timestamp": "2025-11-12 21:59:09",
    "vocab_size": 10000,
    "context_length": 256,
    "d_model": 1024,
    "num_layers": 24,
    "num_heads": 16,
    "d_ff": 4096,
    "rope_theta": 10000.0,
    "batch_size": 4,
    "mode": "forward_backward",
    "device": "cuda",
    "total_params_M": 423.18336,
    "mean_time_s": 0.3309514380991459,
    "median_time_s": 0.3306804783642292,
    "std_time_s": 0.0014915835723640157,
    "min_time_s": 0.32941463962197304,
    "max_time_s": 0.3365851528942585,
    "steps_per_sec": 3.0215913420518863,
    "tokens_per_step": 1024,
    "tokens_per_sec": 3094.1095342611316,
    "gpu_allocated_GB": 6.795902976,
    "gpu_reserved_GB": 9.305063424,
    "gpu_max_allocated_GB": 9.116419072
  }
}