{
  "config": {
    "vocab_size": 10000,
    "context_length": 256,
    "d_model": 768,
    "num_layers": 12,
    "num_heads": 12,
    "d_ff": 3072,
    "rope_theta": 10000.0,
    "batch_size": 4,
    "mode": "forward_backward",
    "device": "cuda"
  },
  "results": {
    "mean_time": 0.11613243594765663,
    "median_time": 0.11488510109484196,
    "std_time": 0.002618108896331236,
    "min_time": 0.11323370784521103,
    "max_time": 0.1209234669804573,
    "total_time": 2.3226487189531326,
    "num_steps": 20
  },
  "num_params": 128625408,
  "report_data": {
    "timestamp": "2025-11-12 21:56:33",
    "vocab_size": 10000,
    "context_length": 256,
    "d_model": 768,
    "num_layers": 12,
    "num_heads": 12,
    "d_ff": 3072,
    "rope_theta": 10000.0,
    "batch_size": 4,
    "mode": "forward_backward",
    "device": "cuda",
    "total_params_M": 128.625408,
    "mean_time_s": 0.11613243594765663,
    "median_time_s": 0.11488510109484196,
    "std_time_s": 0.002618108896331236,
    "min_time_s": 0.11323370784521103,
    "max_time_s": 0.1209234669804573,
    "steps_per_sec": 8.610858730722926,
    "tokens_per_step": 1024,
    "tokens_per_sec": 8817.519340260276,
    "gpu_allocated_GB": 2.188488704,
    "gpu_reserved_GB": 3.495952384,
    "gpu_max_allocated_GB": 3.259324416
  }
}